{"cameraMode":{"drawMode":0,"name":"Shaded","section":"Shading Mode"},"sceneLighting":true,"audioPlay":false,"sceneViewState":{"showFog":true,"showMaterialUpdate":false,"showSkybox":true,"showFlares":true,"showImageEffects":true,"showParticleSystems":true},"in2DMode":false,"pivot":{"x":0.42031046748161318,"y":0.8633604049682617,"z":2.231027126312256},"rotation":{"x":0.010497136041522026,"y":0.02249692939221859,"z":-0.00023624018649570644,"w":0.9996926784515381},"size":5.552129745483398,"orthographic":false}